{
  "coefficients": [
    0.04001003422610506,
    0.2967645921581791,
    0.020002909715819434,
    0.010001618119538485,
    0.29943381337694636,
    -0.009997865615295698,
    0.4943406756959517,
    0.19999353710520634,
    0.396039603960396,
    0.5921401866983967,
    0.4974536153571444,
    0.0,
    0.4943406756959517,
    0.7877138760232726,
    0.5963162978416562,
    0.13192084261497028,
    0.2160841323906385,
    0.21948667455840926,
    0.21357870372736693,
    0.2425744220171179,
    -0.2447475304762866
  ],
  "intercept": 0.025109764021249183,
  "feature_names": [
    "age",
    "gender_male",
    "systolic_bp",
    "cholesterol",
    "fasting_blood_sugar",
    "max_heart_rate",
    "exercise_angina",
    "st_depression",
    "st_slope_flat",
    "st_slope_downsloping",
    "num_vessels",
    "thalassemia_fixed",
    "thalassemia_reversible",
    "nt_probnp",
    "nt_probnp_threshold_ratio",
    "age_systolic_interaction",
    "angina_st_interaction",
    "nt_probnp_age_interaction",
    "nt_probnp_st_interaction",
    "nt_probnp_vessels_interaction",
    "age_hr_interaction"
  ],
  "scaler_mean": [
    0.5900000000000001,
    0.6,
    0.7125,
    0.7500000000000001,
    0.5,
    0.4522727272727273,
    0.5,
    0.2625,
    0.0,
    0.5,
    0.25,
    0.0,
    0.5,
    0.519993573375061,
    0.8877777777777777,
    0.4306500000000001,
    0.19999999999999998,
    0.33781788772820787,
    0.183603266361403,
    0.21547539554950895,
    0.1644090909090909
  ],
  "scaler_scale": [
    0.1063014581273465,
    0.48989794855663565,
    0.10127314550264548,
    0.12206555615733705,
    0.5,
    0.11210329504671386,
    0.5,
    0.1424610083106563,
    1.0,
    0.5,
    0.25,
    1.0,
    0.5,
    0.3423572139554332,
    0.7044383105235925,
    0.13795958284947082,
    0.20275875100994065,
    0.2509333877917905,
    0.16369594159899628,
    0.21561080888662645,
    0.16585103965719328
  ],
  "training_metrics": {
    "accuracy": 1.0,
    "roc_auc": 0.5,
    "pr_auc": 0.5,
    "sensitivity": 0,
    "specificity": 0,
    "ppv": 0,
    "npv": 0
  },
  "timestamp": "2025-04-18T15:25:17.179832"
}