{
  "gender": 0.07692307692307693,
  "chest_pain_type": 0.07692307692307693,
  "fasting_blood_sugar_over_120": 0.07692307692307693,
  "rest_ecg": 0.07692307692307693,
  "exercise_induced_angina": 0.07692307692307693,
  "slope_of_st": 0.07692307692307693,
  "thalassemia": 0.07692307692307693,
  "age": 0.07692307692307693,
  "resting_blood_pressure": 0.07692307692307693,
  "cholesterol": 0.07692307692307693,
  "max_heart_rate": 0.07692307692307693,
  "st_depression": 0.07692307692307693,
  "number_of_major_vessels": 0.07692307692307693
}