{
  "hyperparams": {
    "learning_rate": 0.1,
    "max_depth": 3,
    "n_estimators": 200,
    "subsample": 0.9,
    "colsample_bytree": 0.7,
    "objective": "binary:logistic",
    "eval_metric": "auc",
    "random_state": 42,
    "use_label_encoder": false,
    "verbosity": 0
  },
  "feature_names": null,
  "scaler_mean": [
    0.6137142857142857,
    0.5904761904761905,
    0.6383809523809527,
    0.6666984126984123,
    0.12380952380952381,
    0.33753246753246735,
    0.3523809523809524,
    0.20873015873015877,
    0.6571428571428571,
    0.3142857142857143,
    0.18095238095238095,
    0.08571428571428572,
    0.22857142857142856,
    0.12791660286499681,
    0.2253227513227513,
    0.39561428571428536,
    0.1403174603174603,
    0.07794194602641691,
    0.04156622518741898,
    0.0515894724969645,
    0.39432597402597397,
    0.041269841269841276,
    0.0,
    0.2933333333333333,
    0.30190476190476195,
    0.14428571428571427,
    0.15615873015873014,
    0.11123809523809523,
    0.01904761904761905
  ],
  "scaler_scale": [
    0.15535064573168567,
    0.49174592927335525,
    0.09848010492358156,
    0.10948314865197434,
    0.32936412315791563,
    0.1230099815357664,
    0.4777118553898837,
    0.21167129401385207,
    0.47466422073817605,
    0.46423076597919755,
    0.24998866187441315,
    0.27994168488950616,
    0.41991252733425943,
    0.2576024886959738,
    0.5201063902207468,
    0.11964952405021169,
    0.22286946558433315,
    0.16596039850403144,
    0.09442036232161029,
    0.1418193216057293,
    0.1706427708180841,
    0.14324462441496477,
    1.0,
    0.35730916762635856,
    0.43248582743218905,
    0.3422136819030367,
    0.15293168994313674,
    0.30786421013506277,
    0.11106575037800569
  ],
  "training_metrics": {
    "accuracy": 1.0,
    "roc_auc": 1.0,
    "precision": 1.0,
    "recall": 1.0,
    "f1": 1.0,
    "sensitivity": 1.0,
    "specificity": 1.0,
    "feature_importance": {}
  },
  "timestamp": "2025-04-24T23:49:15.575763"
}