{
  "hyperparams": {
    "n_estimators": 100,
    "max_depth": null,
    "min_samples_split": 2,
    "class_weight": "balanced",
    "random_state": 42
  },
  "feature_names": [
    "age",
    "gender_male",
    "systolic_bp",
    "cholesterol",
    "fasting_blood_sugar",
    "max_heart_rate",
    "exercise_angina",
    "st_depression",
    "st_slope_flat",
    "st_slope_downsloping",
    "num_vessels",
    "thalassemia_fixed",
    "thalassemia_reversible",
    "nt_probnp",
    "nt_probnp_threshold_ratio",
    "age_systolic_interaction",
    "angina_st_interaction",
    "nt_probnp_age_interaction",
    "nt_probnp_st_interaction",
    "nt_probnp_vessels_interaction",
    "age_hr_interaction"
  ],
  "scaler_mean": [
    0.5900000000000001,
    0.6,
    0.7125,
    0.7500000000000001,
    0.5,
    0.4522727272727273,
    0.5,
    0.2625,
    0.0,
    0.5,
    0.25,
    0.0,
    0.5,
    0.519993573375061,
    0.8877777777777777,
    0.4306500000000001,
    0.19999999999999998,
    0.33781788772820787,
    0.183603266361403,
    0.21547539554950895,
    0.1644090909090909
  ],
  "scaler_scale": [
    0.1063014581273465,
    0.48989794855663565,
    0.10127314550264548,
    0.12206555615733705,
    0.5,
    0.11210329504671386,
    0.5,
    0.1424610083106563,
    1.0,
    0.5,
    0.25,
    1.0,
    0.5,
    0.3423572139554332,
    0.7044383105235925,
    0.13795958284947082,
    0.20275875100994065,
    0.2509333877917905,
    0.16369594159899628,
    0.21561080888662645,
    0.16585103965719328
  ],
  "training_metrics": {
    "accuracy": 1.0,
    "roc_auc": 0.5,
    "pr_auc": 0.5,
    "sensitivity": 0,
    "specificity": 0,
    "ppv": 0,
    "npv": 0,
    "feature_importance": {
      "age": 0.07999999999999999,
      "gender_male": 0.0,
      "systolic_bp": 0.039999999999999994,
      "cholesterol": 0.039999999999999994,
      "fasting_blood_sugar": 0.04999999999999999,
      "max_heart_rate": 0.029999999999999992,
      "exercise_angina": 0.059999999999999984,
      "st_depression": 0.07999999999999999,
      "st_slope_flat": 0.0,
      "st_slope_downsloping": 0.03999999999999999,
      "num_vessels": 0.009999999999999993,
      "thalassemia_fixed": 0.0,
      "thalassemia_reversible": 0.06999999999999999,
      "nt_probnp": 0.059999999999999984,
      "nt_probnp_threshold_ratio": 0.04000000000000001,
      "age_systolic_interaction": 0.049999999999999996,
      "angina_st_interaction": 0.059999999999999984,
      "nt_probnp_age_interaction": 0.039999999999999994,
      "nt_probnp_st_interaction": 0.06999999999999999,
      "nt_probnp_vessels_interaction": 0.06999999999999999,
      "age_hr_interaction": 0.10999999999999997
    }
  },
  "timestamp": "2025-04-18T15:25:17.266372",
  "feature_importances": [
    0.07999999999999999,
    0.0,
    0.039999999999999994,
    0.039999999999999994,
    0.04999999999999999,
    0.029999999999999992,
    0.059999999999999984,
    0.07999999999999999,
    0.0,
    0.03999999999999999,
    0.009999999999999993,
    0.0,
    0.06999999999999999,
    0.059999999999999984,
    0.04000000000000001,
    0.049999999999999996,
    0.059999999999999984,
    0.039999999999999994,
    0.06999999999999999,
    0.06999999999999999,
    0.10999999999999997
  ]
}